y,x,labels,tissue
0.0,42.27642276422764,-1,DEB
1.6260162601626016,37.39837398373984,0,DEB
3.252032520325203,34.146341463414636,0,DEB
4.878048780487805,91.0569105691057,1,DEB
4.878048780487805,92.6829268292683,1,DEB
6.504065040650406,40.65040650406504,-1,DEB
6.504065040650406,71.54471544715447,-1,DEB
6.504065040650406,92.6829268292683,1,DEB
6.504065040650406,94.3089430894309,1,DEB
8.130081300813007,89.43089430894308,1,DEB
8.130081300813007,92.6829268292683,1,DEB
9.75609756097561,17.88617886178862,2,DEB
9.75609756097561,86.17886178861788,1,DEB
9.75609756097561,87.80487804878048,1,DEB
9.75609756097561,89.43089430894308,1,DEB
9.75609756097561,92.6829268292683,1,DEB
9.75609756097561,97.5609756097561,1,DEB
11.382113821138212,16.260162601626014,2,DEB
11.382113821138212,34.146341463414636,-1,DEB
11.382113821138212,86.17886178861788,1,DEB
11.382113821138212,91.0569105691057,1,DEB
11.382113821138212,92.6829268292683,1,DEB
11.382113821138212,99.1869918699187,1,DEB
13.008130081300813,22.764227642276424,2,DEB
13.008130081300813,92.6829268292683,1,DEB
14.634146341463413,17.88617886178862,2,DEB
14.634146341463413,21.13821138211382,2,DEB
16.260162601626014,19.51219512195122,2,DEB
17.88617886178862,86.17886178861788,3,DEB
19.51219512195122,9.75609756097561,2,DEB
19.51219512195122,13.008130081300813,2,DEB
19.51219512195122,14.634146341463413,2,DEB
19.51219512195122,16.260162601626014,2,DEB
21.13821138211382,6.504065040650406,2,DEB
21.13821138211382,13.008130081300813,2,DEB
21.13821138211382,14.634146341463413,2,DEB
21.13821138211382,86.17886178861788,3,DEB
22.764227642276424,14.634146341463413,2,DEB
22.764227642276424,86.17886178861788,3,DEB
22.764227642276424,92.6829268292683,-1,DEB
26.016260162601625,14.634146341463413,2,DEB
26.016260162601625,105.6910569105691,4,DEB
27.642276422764226,105.6910569105691,4,DEB
37.39837398373984,9.75609756097561,5,DEB
37.39837398373984,120.32520325203252,6,DEB
39.02439024390244,6.504065040650406,5,DEB
40.65040650406504,123.57723577235772,6,DEB
42.27642276422764,8.130081300813007,5,DEB
42.27642276422764,123.57723577235772,6,DEB
45.52845528455285,6.504065040650406,5,DEB
47.15447154471545,8.130081300813007,5,DEB
47.15447154471545,128.4552845528455,7,DEB
48.78048780487805,4.878048780487805,5,DEB
48.78048780487805,8.130081300813007,5,DEB
48.78048780487805,128.4552845528455,7,DEB
48.78048780487805,130.0813008130081,7,DEB
50.40650406504065,0.0,-1,DEB
52.03252032520325,9.75609756097561,5,DEB
56.91056910569105,3.252032520325203,-1,DEB
61.78861788617886,9.75609756097561,-1,DEB
69.91869918699187,136.58536585365854,-1,DEB
71.54471544715447,128.4552845528455,-1,DEB
84.55284552845528,149.59349593495935,8,DEB
86.17886178861788,147.96747967479675,8,DEB
86.17886178861788,149.59349593495935,8,DEB
87.80487804878048,146.34146341463415,8,DEB
87.80487804878048,151.21951219512195,8,DEB
89.43089430894308,147.96747967479675,8,DEB
91.0569105691057,146.34146341463415,8,DEB
91.0569105691057,156.09756097560975,8,DEB
92.6829268292683,147.96747967479675,8,DEB
92.6829268292683,151.21951219512195,8,DEB
92.6829268292683,152.84552845528455,8,DEB
92.6829268292683,156.09756097560975,8,DEB
94.3089430894309,152.84552845528455,8,DEB
94.3089430894309,154.47154471544715,8,DEB
94.3089430894309,156.09756097560975,8,DEB
94.3089430894309,157.72357723577235,8,DEB
102.4390243902439,165.85365853658536,-1,DEB
118.69918699186992,167.47967479674796,9,DEB
120.32520325203252,165.85365853658536,9,DEB
120.32520325203252,169.10569105691056,9,DEB
125.20325203252033,164.22764227642276,-1,DEB
130.0813008130081,165.85365853658536,10,DEB
131.70731707317074,165.85365853658536,10,DEB
134.95934959349594,156.09756097560975,11,DEB
136.58536585365854,152.84552845528455,11,DEB
139.83739837398375,151.21951219512195,11,DEB
139.83739837398375,157.72357723577235,-1,DEB
152.84552845528455,95.9349593495935,-1,DEB
154.47154471544715,154.47154471544715,12,DEB
154.47154471544715,164.22764227642276,-1,DEB
156.09756097560975,82.92682926829268,-1,DEB
156.09756097560975,152.84552845528455,12,DEB
157.72357723577235,159.34959349593495,13,DEB
159.34959349593495,159.34959349593495,13,DEB
159.34959349593495,162.60162601626016,13,DEB
160.97560975609755,157.72357723577235,13,DEB
160.97560975609755,159.34959349593495,13,DEB
186.9918699186992,97.5609756097561,14,DEB
186.9918699186992,99.1869918699187,14,DEB
188.6178861788618,100.8130081300813,14,DEB
188.6178861788618,102.4390243902439,14,DEB
190.2439024390244,100.8130081300813,14,DEB
191.869918699187,102.4390243902439,14,DEB
191.869918699187,104.0650406504065,14,DEB
193.4959349593496,100.8130081300813,14,DEB
193.4959349593496,102.4390243902439,14,DEB
193.4959349593496,104.0650406504065,14,DEB
193.4959349593496,105.6910569105691,14,DEB
193.4959349593496,107.3170731707317,14,DEB
193.4959349593496,108.9430894308943,14,DEB
195.1219512195122,100.8130081300813,14,DEB
195.1219512195122,102.4390243902439,14,DEB
200.0,100.8130081300813,14,DEB
0.0,36.800000000000004,0,LIN
0.0,38.400000000000006,0,LIN
1.6,35.2,0,LIN
1.6,36.800000000000004,0,LIN
3.2,35.2,0,LIN
3.2,62.400000000000006,1,LIN
4.800000000000001,35.2,0,LIN
4.800000000000001,36.800000000000004,0,LIN
4.800000000000001,38.400000000000006,0,LIN
4.800000000000001,62.400000000000006,1,LIN
4.800000000000001,64.0,1,LIN
4.800000000000001,65.60000000000001,1,LIN
4.800000000000001,72.0,1,LIN
4.800000000000001,94.4,2,LIN
6.4,35.2,0,LIN
6.4,36.800000000000004,0,LIN
6.4,38.400000000000006,0,LIN
6.4,40.0,0,LIN
6.4,64.0,1,LIN
6.4,65.60000000000001,1,LIN
6.4,68.8,1,LIN
6.4,72.0,1,LIN
6.4,92.80000000000001,2,LIN
8.0,16.0,3,LIN
8.0,35.2,0,LIN
8.0,36.800000000000004,0,LIN
8.0,64.0,1,LIN
8.0,65.60000000000001,1,LIN
8.0,67.2,1,LIN
8.0,68.8,1,LIN
8.0,72.0,1,LIN
8.0,88.0,2,LIN
8.0,89.60000000000001,2,LIN
8.0,94.4,2,LIN
8.0,96.0,2,LIN
8.0,97.60000000000001,2,LIN
9.600000000000001,12.8,3,LIN
9.600000000000001,14.4,3,LIN
9.600000000000001,17.6,3,LIN
9.600000000000001,33.6,0,LIN
9.600000000000001,35.2,0,LIN
9.600000000000001,36.800000000000004,0,LIN
9.600000000000001,38.400000000000006,0,LIN
9.600000000000001,65.60000000000001,1,LIN
9.600000000000001,67.2,1,LIN
9.600000000000001,68.8,1,LIN
9.600000000000001,70.4,1,LIN
9.600000000000001,72.0,1,LIN
9.600000000000001,86.4,2,LIN
9.600000000000001,89.60000000000001,2,LIN
9.600000000000001,92.80000000000001,2,LIN
9.600000000000001,94.4,2,LIN
9.600000000000001,96.0,2,LIN
9.600000000000001,97.60000000000001,2,LIN
9.600000000000001,99.2,2,LIN
11.200000000000001,11.200000000000001,3,LIN
11.200000000000001,12.8,3,LIN
11.200000000000001,14.4,3,LIN
11.200000000000001,16.0,3,LIN
11.200000000000001,28.8,0,LIN
11.200000000000001,32.0,0,LIN
11.200000000000001,33.6,0,LIN
11.200000000000001,35.2,0,LIN
11.200000000000001,67.2,1,LIN
11.200000000000001,68.8,1,LIN
11.200000000000001,70.4,1,LIN
11.200000000000001,72.0,1,LIN
11.200000000000001,89.60000000000001,2,LIN
11.200000000000001,92.80000000000001,2,LIN
11.200000000000001,94.4,2,LIN
11.200000000000001,97.60000000000001,2,LIN
11.200000000000001,99.2,2,LIN
12.8,9.600000000000001,3,LIN
12.8,11.200000000000001,3,LIN
12.8,12.8,3,LIN
12.8,14.4,3,LIN
12.8,17.6,3,LIN
12.8,32.0,0,LIN
12.8,36.800000000000004,0,LIN
12.8,65.60000000000001,1,LIN
12.8,67.2,1,LIN
12.8,68.8,1,LIN
12.8,70.4,1,LIN
12.8,72.0,1,LIN
12.8,86.4,2,LIN
12.8,88.0,2,LIN
12.8,92.80000000000001,2,LIN
12.8,94.4,2,LIN
12.8,96.0,2,LIN
12.8,99.2,2,LIN
14.4,8.0,3,LIN
14.4,9.600000000000001,3,LIN
14.4,11.200000000000001,3,LIN
14.4,12.8,3,LIN
14.4,14.4,3,LIN
14.4,16.0,3,LIN
14.4,17.6,3,LIN
14.4,65.60000000000001,1,LIN
14.4,67.2,1,LIN
14.4,68.8,1,LIN
14.4,70.4,1,LIN
14.4,72.0,1,LIN
14.4,86.4,2,LIN
14.4,88.0,2,LIN
14.4,89.60000000000001,2,LIN
14.4,92.80000000000001,2,LIN
14.4,94.4,2,LIN
14.4,96.0,2,LIN
16.0,8.0,3,LIN
16.0,9.600000000000001,3,LIN
16.0,11.200000000000001,3,LIN
16.0,12.8,3,LIN
16.0,14.4,3,LIN
16.0,16.0,3,LIN
16.0,65.60000000000001,1,LIN
16.0,67.2,1,LIN
16.0,68.8,1,LIN
16.0,70.4,1,LIN
16.0,72.0,1,LIN
16.0,84.80000000000001,2,LIN
16.0,86.4,2,LIN
16.0,88.0,2,LIN
16.0,89.60000000000001,2,LIN
16.0,91.2,2,LIN
16.0,92.80000000000001,2,LIN
16.0,94.4,2,LIN
17.6,6.4,3,LIN
17.6,8.0,3,LIN
17.6,9.600000000000001,3,LIN
17.6,11.200000000000001,3,LIN
17.6,12.8,3,LIN
17.6,14.4,3,LIN
17.6,16.0,3,LIN
17.6,65.60000000000001,1,LIN
17.6,67.2,1,LIN
17.6,68.8,1,LIN
17.6,70.4,1,LIN
17.6,72.0,1,LIN
17.6,86.4,2,LIN
17.6,88.0,2,LIN
17.6,89.60000000000001,2,LIN
17.6,91.2,2,LIN
17.6,92.80000000000001,2,LIN
19.200000000000003,6.4,3,LIN
19.200000000000003,8.0,3,LIN
19.200000000000003,9.600000000000001,3,LIN
19.200000000000003,11.200000000000001,3,LIN
19.200000000000003,12.8,3,LIN
19.200000000000003,14.4,3,LIN
19.200000000000003,16.0,3,LIN
19.200000000000003,17.6,3,LIN
19.200000000000003,68.8,1,LIN
19.200000000000003,70.4,1,LIN
19.200000000000003,72.0,1,LIN
19.200000000000003,86.4,2,LIN
19.200000000000003,88.0,2,LIN
19.200000000000003,89.60000000000001,2,LIN
19.200000000000003,91.2,2,LIN
20.8,6.4,3,LIN
20.8,8.0,3,LIN
20.8,65.60000000000001,1,LIN
20.8,68.8,1,LIN
20.8,70.4,1,LIN
20.8,72.0,1,LIN
20.8,73.60000000000001,1,LIN
20.8,83.2,2,LIN
20.8,86.4,2,LIN
20.8,88.0,2,LIN
20.8,91.2,2,LIN
22.400000000000002,65.60000000000001,1,LIN
22.400000000000002,70.4,1,LIN
22.400000000000002,72.0,1,LIN
22.400000000000002,73.60000000000001,1,LIN
22.400000000000002,83.2,2,LIN
22.400000000000002,88.0,2,LIN
22.400000000000002,89.60000000000001,2,LIN
22.400000000000002,91.2,2,LIN
24.0,12.8,3,LIN
24.0,70.4,1,LIN
24.0,72.0,1,LIN
24.0,73.60000000000001,1,LIN
24.0,83.2,2,LIN
24.0,89.60000000000001,2,LIN
24.0,102.4,4,LIN
25.6,12.8,3,LIN
25.6,68.8,1,LIN
25.6,70.4,1,LIN
25.6,72.0,1,LIN
25.6,73.60000000000001,1,LIN
25.6,83.2,2,LIN
25.6,84.80000000000001,2,LIN
25.6,86.4,2,LIN
25.6,89.60000000000001,2,LIN
25.6,91.2,2,LIN
25.6,102.4,4,LIN
25.6,104.0,4,LIN
27.200000000000003,11.200000000000001,3,LIN
27.200000000000003,12.8,3,LIN
27.200000000000003,70.4,1,LIN
27.200000000000003,83.2,2,LIN
27.200000000000003,84.80000000000001,2,LIN
27.200000000000003,86.4,2,LIN
27.200000000000003,88.0,2,LIN
27.200000000000003,89.60000000000001,2,LIN
27.200000000000003,91.2,2,LIN
27.200000000000003,102.4,4,LIN
28.8,12.8,3,LIN
28.8,14.4,3,LIN
28.8,68.8,1,LIN
28.8,70.4,1,LIN
28.8,83.2,2,LIN
28.8,84.80000000000001,2,LIN
28.8,86.4,2,LIN
28.8,88.0,2,LIN
28.8,89.60000000000001,2,LIN
28.8,102.4,4,LIN
30.400000000000002,11.200000000000001,3,LIN
30.400000000000002,12.8,3,LIN
30.400000000000002,14.4,3,LIN
30.400000000000002,83.2,2,LIN
30.400000000000002,88.0,2,LIN
30.400000000000002,89.60000000000001,2,LIN
30.400000000000002,91.2,2,LIN
32.0,11.200000000000001,3,LIN
32.0,12.8,3,LIN
32.0,70.4,1,LIN
32.0,84.80000000000001,2,LIN
32.0,91.2,2,LIN
33.6,3.2,3,LIN
33.6,4.800000000000001,3,LIN
33.6,6.4,3,LIN
33.6,9.600000000000001,3,LIN
33.6,11.200000000000001,3,LIN
33.6,12.8,3,LIN
33.6,84.80000000000001,2,LIN
33.6,86.4,2,LIN
35.2,1.6,3,LIN
35.2,3.2,3,LIN
35.2,4.800000000000001,3,LIN
35.2,6.4,3,LIN
35.2,9.600000000000001,3,LIN
35.2,11.200000000000001,3,LIN
35.2,12.8,3,LIN
35.2,72.0,1,LIN
35.2,83.2,2,LIN
36.800000000000004,1.6,3,LIN
36.800000000000004,3.2,3,LIN
36.800000000000004,4.800000000000001,3,LIN
36.800000000000004,6.4,3,LIN
36.800000000000004,8.0,3,LIN
36.800000000000004,9.600000000000001,3,LIN
36.800000000000004,11.200000000000001,3,LIN
36.800000000000004,86.4,2,LIN
36.800000000000004,88.0,2,LIN
36.800000000000004,89.60000000000001,2,LIN
36.800000000000004,91.2,2,LIN
38.400000000000006,0.0,3,LIN
38.400000000000006,1.6,3,LIN
38.400000000000006,3.2,3,LIN
38.400000000000006,4.800000000000001,3,LIN
38.400000000000006,6.4,3,LIN
38.400000000000006,8.0,3,LIN
38.400000000000006,11.200000000000001,3,LIN
40.0,0.0,3,LIN
40.0,1.6,3,LIN
40.0,3.2,3,LIN
40.0,4.800000000000001,3,LIN
40.0,8.0,3,LIN
40.0,9.600000000000001,3,LIN
40.0,11.200000000000001,3,LIN
41.6,0.0,3,LIN
41.6,1.6,3,LIN
41.6,3.2,3,LIN
41.6,4.800000000000001,3,LIN
41.6,8.0,3,LIN
41.6,9.600000000000001,3,LIN
43.2,0.0,3,LIN
43.2,1.6,3,LIN
43.2,3.2,3,LIN
43.2,6.4,3,LIN
44.800000000000004,0.0,3,LIN
44.800000000000004,1.6,3,LIN
44.800000000000004,3.2,3,LIN
44.800000000000004,4.800000000000001,3,LIN
44.800000000000004,6.4,3,LIN
44.800000000000004,8.0,3,LIN
46.400000000000006,0.0,3,LIN
46.400000000000006,1.6,3,LIN
46.400000000000006,3.2,3,LIN
46.400000000000006,4.800000000000001,3,LIN
48.0,0.0,3,LIN
48.0,1.6,3,LIN
48.0,3.2,3,LIN
48.0,4.800000000000001,3,LIN
48.0,6.4,3,LIN
49.6,0.0,3,LIN
49.6,1.6,3,LIN
49.6,3.2,3,LIN
49.6,6.4,3,LIN
51.2,1.6,3,LIN
51.2,3.2,3,LIN
51.2,4.800000000000001,3,LIN
51.2,8.0,3,LIN
52.800000000000004,0.0,3,LIN
52.800000000000004,1.6,3,LIN
52.800000000000004,3.2,3,LIN
52.800000000000004,4.800000000000001,3,LIN
54.400000000000006,1.6,3,LIN
54.400000000000006,3.2,3,LIN
54.400000000000006,4.800000000000001,3,LIN
54.400000000000006,6.4,3,LIN
54.400000000000006,9.600000000000001,3,LIN
54.400000000000006,11.200000000000001,3,LIN
56.0,1.6,3,LIN
56.0,3.2,3,LIN
56.0,4.800000000000001,3,LIN
56.0,6.4,3,LIN
56.0,8.0,3,LIN
56.0,9.600000000000001,3,LIN
56.0,11.200000000000001,3,LIN
56.0,12.8,3,LIN
57.6,1.6,3,LIN
57.6,4.800000000000001,3,LIN
57.6,6.4,3,LIN
57.6,8.0,3,LIN
57.6,9.600000000000001,3,LIN
57.6,11.200000000000001,3,LIN
57.6,12.8,3,LIN
57.6,14.4,3,LIN
59.2,3.2,3,LIN
59.2,4.800000000000001,3,LIN
59.2,6.4,3,LIN
59.2,8.0,3,LIN
59.2,9.600000000000001,3,LIN
59.2,11.200000000000001,3,LIN
59.2,12.8,3,LIN
59.2,14.4,3,LIN
60.800000000000004,4.800000000000001,3,LIN
60.800000000000004,6.4,3,LIN
60.800000000000004,8.0,3,LIN
60.800000000000004,9.600000000000001,3,LIN
60.800000000000004,11.200000000000001,3,LIN
60.800000000000004,12.8,3,LIN
60.800000000000004,14.4,3,LIN
60.800000000000004,16.0,3,LIN
62.400000000000006,4.800000000000001,3,LIN
62.400000000000006,6.4,3,LIN
62.400000000000006,8.0,3,LIN
62.400000000000006,11.200000000000001,3,LIN
62.400000000000006,12.8,3,LIN
62.400000000000006,14.4,3,LIN
62.400000000000006,16.0,3,LIN
62.400000000000006,17.6,3,LIN
64.0,6.4,3,LIN
64.0,8.0,3,LIN
64.0,9.600000000000001,3,LIN
64.0,11.200000000000001,3,LIN
64.0,12.8,3,LIN
64.0,14.4,3,LIN
64.0,16.0,3,LIN
64.0,17.6,3,LIN
64.0,19.200000000000003,3,LIN
64.0,22.400000000000002,3,LIN
65.60000000000001,9.600000000000001,3,LIN
65.60000000000001,11.200000000000001,3,LIN
65.60000000000001,12.8,3,LIN
65.60000000000001,14.4,3,LIN
65.60000000000001,16.0,3,LIN
65.60000000000001,17.6,3,LIN
65.60000000000001,19.200000000000003,3,LIN
65.60000000000001,20.8,3,LIN
67.2,12.8,3,LIN
67.2,14.4,3,LIN
67.2,16.0,3,LIN
67.2,17.6,3,LIN
67.2,22.400000000000002,3,LIN
68.8,17.6,3,LIN
68.8,22.400000000000002,3,LIN
70.4,20.8,3,LIN
73.60000000000001,11.200000000000001,3,LIN
73.60000000000001,12.8,3,LIN
73.60000000000001,14.4,3,LIN
73.60000000000001,16.0,3,LIN
73.60000000000001,17.6,3,LIN
73.60000000000001,20.8,3,LIN
73.60000000000001,22.400000000000002,3,LIN
73.60000000000001,24.0,3,LIN
73.60000000000001,25.6,3,LIN
75.2,14.4,3,LIN
75.2,16.0,3,LIN
75.2,17.6,3,LIN
75.2,19.200000000000003,3,LIN
75.2,20.8,3,LIN
75.2,22.400000000000002,3,LIN
75.2,24.0,3,LIN
75.2,25.6,3,LIN
76.80000000000001,9.600000000000001,3,LIN
76.80000000000001,12.8,3,LIN
76.80000000000001,14.4,3,LIN
76.80000000000001,16.0,3,LIN
76.80000000000001,17.6,3,LIN
76.80000000000001,19.200000000000003,3,LIN
76.80000000000001,20.8,3,LIN
76.80000000000001,24.0,3,LIN
76.80000000000001,25.6,3,LIN
78.4,6.4,3,LIN
78.4,8.0,3,LIN
78.4,9.600000000000001,3,LIN
78.4,11.200000000000001,3,LIN
78.4,12.8,3,LIN
78.4,14.4,3,LIN
78.4,16.0,3,LIN
78.4,17.6,3,LIN
78.4,19.200000000000003,3,LIN
78.4,20.8,3,LIN
78.4,22.400000000000002,3,LIN
78.4,24.0,3,LIN
80.0,8.0,3,LIN
80.0,9.600000000000001,3,LIN
80.0,11.200000000000001,3,LIN
80.0,12.8,3,LIN
80.0,14.4,3,LIN
80.0,16.0,3,LIN
80.0,17.6,3,LIN
80.0,19.200000000000003,3,LIN
80.0,20.8,3,LIN
80.0,22.400000000000002,3,LIN
80.0,24.0,3,LIN
81.60000000000001,4.800000000000001,3,LIN
81.60000000000001,6.4,3,LIN
81.60000000000001,8.0,3,LIN
81.60000000000001,9.600000000000001,3,LIN
81.60000000000001,11.200000000000001,3,LIN
81.60000000000001,12.8,3,LIN
81.60000000000001,14.4,3,LIN
81.60000000000001,16.0,3,LIN
81.60000000000001,17.6,3,LIN
81.60000000000001,22.400000000000002,3,LIN
83.2,3.2,3,LIN
83.2,4.800000000000001,3,LIN
83.2,6.4,3,LIN
83.2,8.0,3,LIN
83.2,9.600000000000001,3,LIN
83.2,11.200000000000001,3,LIN
83.2,12.8,3,LIN
84.80000000000001,3.2,3,LIN
84.80000000000001,4.800000000000001,3,LIN
84.80000000000001,6.4,3,LIN
84.80000000000001,8.0,3,LIN
84.80000000000001,9.600000000000001,3,LIN
84.80000000000001,11.200000000000001,3,LIN
86.4,1.6,3,LIN
86.4,3.2,3,LIN
86.4,4.800000000000001,3,LIN
86.4,6.4,3,LIN
86.4,8.0,3,LIN
88.0,3.2,3,LIN
88.0,4.800000000000001,3,LIN
88.0,6.4,3,LIN
89.60000000000001,1.6,3,LIN
89.60000000000001,3.2,3,LIN
89.60000000000001,4.800000000000001,3,LIN
91.2,3.2,3,LIN
91.2,4.800000000000001,3,LIN
92.80000000000001,3.2,3,LIN
94.4,1.6,3,LIN
94.4,3.2,3,LIN
96.0,1.6,3,LIN
96.0,3.2,3,LIN
97.60000000000001,1.6,3,LIN
99.2,1.6,3,LIN
100.80000000000001,1.6,3,LIN
105.60000000000001,3.2,5,LIN
105.60000000000001,164.8,6,LIN
107.2,3.2,5,LIN
107.2,164.8,6,LIN
108.80000000000001,164.8,6,LIN
108.80000000000001,166.4,6,LIN
110.4,163.20000000000002,6,LIN
110.4,164.8,6,LIN
110.4,166.4,6,LIN
110.4,168.0,6,LIN
110.4,169.60000000000002,6,LIN
112.0,163.20000000000002,6,LIN
112.0,166.4,6,LIN
112.0,168.0,6,LIN
112.0,169.60000000000002,6,LIN
113.60000000000001,4.800000000000001,7,LIN
113.60000000000001,166.4,6,LIN
113.60000000000001,168.0,6,LIN
115.2,4.800000000000001,7,LIN
115.2,166.4,6,LIN
115.2,168.0,6,LIN
115.2,169.60000000000002,6,LIN
116.80000000000001,6.4,7,LIN
116.80000000000001,166.4,6,LIN
116.80000000000001,168.0,6,LIN
116.80000000000001,169.60000000000002,6,LIN
118.4,163.20000000000002,6,LIN
118.4,166.4,6,LIN
118.4,168.0,6,LIN
120.0,8.0,7,LIN
120.0,164.8,6,LIN
120.0,168.0,6,LIN
120.0,169.60000000000002,6,LIN
121.60000000000001,9.600000000000001,7,LIN
121.60000000000001,166.4,6,LIN
121.60000000000001,168.0,6,LIN
121.60000000000001,169.60000000000002,6,LIN
123.2,11.200000000000001,7,LIN
123.2,12.8,7,LIN
123.2,164.8,6,LIN
123.2,166.4,6,LIN
123.2,168.0,6,LIN
123.2,169.60000000000002,6,LIN
124.80000000000001,12.8,7,LIN
124.80000000000001,14.4,7,LIN
124.80000000000001,16.0,7,LIN
124.80000000000001,22.400000000000002,7,LIN
124.80000000000001,27.200000000000003,7,LIN
124.80000000000001,30.400000000000002,7,LIN
124.80000000000001,163.20000000000002,6,LIN
124.80000000000001,166.4,6,LIN
124.80000000000001,168.0,6,LIN
124.80000000000001,169.60000000000002,6,LIN
126.4,14.4,7,LIN
126.4,16.0,7,LIN
126.4,17.6,7,LIN
126.4,19.200000000000003,7,LIN
126.4,20.8,7,LIN
126.4,22.400000000000002,7,LIN
126.4,25.6,7,LIN
126.4,163.20000000000002,6,LIN
126.4,168.0,6,LIN
126.4,169.60000000000002,6,LIN
128.0,14.4,7,LIN
128.0,16.0,7,LIN
128.0,17.6,7,LIN
128.0,19.200000000000003,7,LIN
128.0,20.8,7,LIN
128.0,22.400000000000002,7,LIN
128.0,24.0,7,LIN
128.0,25.6,7,LIN
128.0,27.200000000000003,7,LIN
128.0,28.8,7,LIN
128.0,30.400000000000002,7,LIN
128.0,163.20000000000002,6,LIN
128.0,164.8,6,LIN
128.0,166.4,6,LIN
128.0,168.0,6,LIN
129.6,20.8,7,LIN
129.6,22.400000000000002,7,LIN
129.6,24.0,7,LIN
129.6,25.6,7,LIN
129.6,27.200000000000003,7,LIN
129.6,28.8,7,LIN
129.6,30.400000000000002,7,LIN
129.6,32.0,7,LIN
129.6,33.6,7,LIN
129.6,35.2,7,LIN
129.6,36.800000000000004,7,LIN
129.6,164.8,6,LIN
129.6,166.4,6,LIN
129.6,168.0,6,LIN
129.6,169.60000000000002,6,LIN
131.20000000000002,17.6,7,LIN
131.20000000000002,20.8,7,LIN
131.20000000000002,22.400000000000002,7,LIN
131.20000000000002,24.0,7,LIN
131.20000000000002,28.8,7,LIN
131.20000000000002,30.400000000000002,7,LIN
131.20000000000002,32.0,7,LIN
131.20000000000002,33.6,7,LIN
131.20000000000002,35.2,7,LIN
131.20000000000002,36.800000000000004,7,LIN
131.20000000000002,164.8,6,LIN
131.20000000000002,166.4,6,LIN
131.20000000000002,168.0,6,LIN
131.20000000000002,169.60000000000002,6,LIN
132.8,19.200000000000003,7,LIN
132.8,20.8,7,LIN
132.8,22.400000000000002,7,LIN
132.8,24.0,7,LIN
132.8,30.400000000000002,7,LIN
132.8,32.0,7,LIN
132.8,33.6,7,LIN
132.8,35.2,7,LIN
132.8,36.800000000000004,7,LIN
132.8,41.6,7,LIN
132.8,43.2,7,LIN
132.8,160.0,6,LIN
132.8,163.20000000000002,6,LIN
132.8,168.0,6,LIN
134.4,24.0,7,LIN
134.4,25.6,7,LIN
134.4,30.400000000000002,7,LIN
134.4,32.0,7,LIN
134.4,33.6,7,LIN
134.4,35.2,7,LIN
134.4,36.800000000000004,7,LIN
134.4,38.400000000000006,7,LIN
134.4,40.0,7,LIN
134.4,41.6,7,LIN
134.4,43.2,7,LIN
134.4,158.4,6,LIN
134.4,160.0,6,LIN
134.4,161.60000000000002,6,LIN
134.4,163.20000000000002,6,LIN
134.4,164.8,6,LIN
134.4,166.4,6,LIN
134.4,168.0,6,LIN
136.0,25.6,7,LIN
136.0,27.200000000000003,7,LIN
136.0,28.8,7,LIN
136.0,30.400000000000002,7,LIN
136.0,32.0,7,LIN
136.0,33.6,7,LIN
136.0,35.2,7,LIN
136.0,36.800000000000004,7,LIN
136.0,38.400000000000006,7,LIN
136.0,40.0,7,LIN
136.0,41.6,7,LIN
136.0,43.2,7,LIN
136.0,44.800000000000004,7,LIN
136.0,155.20000000000002,6,LIN
136.0,156.8,6,LIN
136.0,158.4,6,LIN
136.0,160.0,6,LIN
136.0,161.60000000000002,6,LIN
136.0,163.20000000000002,6,LIN
136.0,164.8,6,LIN
136.0,166.4,6,LIN
137.6,36.800000000000004,7,LIN
137.6,38.400000000000006,7,LIN
137.6,40.0,7,LIN
137.6,41.6,7,LIN
137.6,44.800000000000004,7,LIN
137.6,46.400000000000006,7,LIN
137.6,153.60000000000002,6,LIN
137.6,156.8,6,LIN
137.6,158.4,6,LIN
137.6,160.0,6,LIN
137.6,161.60000000000002,6,LIN
137.6,163.20000000000002,6,LIN
137.6,164.8,6,LIN
137.6,166.4,6,LIN
139.20000000000002,36.800000000000004,7,LIN
139.20000000000002,38.400000000000006,7,LIN
139.20000000000002,40.0,7,LIN
139.20000000000002,41.6,7,LIN
139.20000000000002,44.800000000000004,7,LIN
139.20000000000002,46.400000000000006,7,LIN
139.20000000000002,48.0,7,LIN
139.20000000000002,150.4,6,LIN
139.20000000000002,152.0,6,LIN
139.20000000000002,153.60000000000002,6,LIN
139.20000000000002,156.8,6,LIN
139.20000000000002,158.4,6,LIN
139.20000000000002,160.0,6,LIN
139.20000000000002,161.60000000000002,6,LIN
139.20000000000002,163.20000000000002,6,LIN
139.20000000000002,164.8,6,LIN
139.20000000000002,166.4,6,LIN
140.8,36.800000000000004,7,LIN
140.8,38.400000000000006,7,LIN
140.8,40.0,7,LIN
140.8,41.6,7,LIN
140.8,44.800000000000004,7,LIN
140.8,46.400000000000006,7,LIN
140.8,48.0,7,LIN
140.8,49.6,7,LIN
140.8,145.6,6,LIN
140.8,147.20000000000002,6,LIN
140.8,148.8,6,LIN
140.8,150.4,6,LIN
140.8,152.0,6,LIN
140.8,153.60000000000002,6,LIN
140.8,155.20000000000002,6,LIN
140.8,156.8,6,LIN
140.8,158.4,6,LIN
140.8,160.0,6,LIN
140.8,161.60000000000002,6,LIN
140.8,163.20000000000002,6,LIN
142.4,36.800000000000004,7,LIN
142.4,38.400000000000006,7,LIN
142.4,40.0,7,LIN
142.4,41.6,7,LIN
142.4,43.2,7,LIN
142.4,44.800000000000004,7,LIN
142.4,46.400000000000006,7,LIN
142.4,48.0,7,LIN
142.4,49.6,7,LIN
142.4,51.2,7,LIN
142.4,88.0,7,LIN
142.4,147.20000000000002,6,LIN
142.4,148.8,6,LIN
142.4,150.4,6,LIN
142.4,152.0,6,LIN
142.4,153.60000000000002,6,LIN
142.4,155.20000000000002,6,LIN
144.0,38.400000000000006,7,LIN
144.0,40.0,7,LIN
144.0,41.6,7,LIN
144.0,43.2,7,LIN
144.0,44.800000000000004,7,LIN
144.0,46.400000000000006,7,LIN
144.0,48.0,7,LIN
144.0,49.6,7,LIN
144.0,51.2,7,LIN
144.0,52.800000000000004,7,LIN
144.0,147.20000000000002,6,LIN
144.0,152.0,6,LIN
144.0,153.60000000000002,6,LIN
145.6,40.0,7,LIN
145.6,41.6,7,LIN
145.6,43.2,7,LIN
145.6,44.800000000000004,7,LIN
145.6,46.400000000000006,7,LIN
145.6,48.0,7,LIN
145.6,49.6,7,LIN
145.6,51.2,7,LIN
145.6,52.800000000000004,7,LIN
145.6,88.0,7,LIN
145.6,145.6,6,LIN
145.6,147.20000000000002,6,LIN
145.6,148.8,6,LIN
145.6,150.4,6,LIN
145.6,152.0,6,LIN
145.6,153.60000000000002,6,LIN
147.20000000000002,41.6,7,LIN
147.20000000000002,43.2,7,LIN
147.20000000000002,44.800000000000004,7,LIN
147.20000000000002,46.400000000000006,7,LIN
147.20000000000002,48.0,7,LIN
147.20000000000002,49.6,7,LIN
147.20000000000002,51.2,7,LIN
147.20000000000002,52.800000000000004,7,LIN
147.20000000000002,54.400000000000006,7,LIN
147.20000000000002,56.0,7,LIN
147.20000000000002,60.800000000000004,7,LIN
147.20000000000002,62.400000000000006,7,LIN
147.20000000000002,70.4,7,LIN
147.20000000000002,72.0,7,LIN
147.20000000000002,91.2,7,LIN
147.20000000000002,139.20000000000002,6,LIN
147.20000000000002,140.8,6,LIN
147.20000000000002,142.4,6,LIN
147.20000000000002,144.0,6,LIN
147.20000000000002,145.6,6,LIN
147.20000000000002,147.20000000000002,6,LIN
147.20000000000002,148.8,6,LIN
147.20000000000002,150.4,6,LIN
147.20000000000002,152.0,6,LIN
147.20000000000002,153.60000000000002,6,LIN
148.8,46.400000000000006,7,LIN
148.8,48.0,7,LIN
148.8,49.6,7,LIN
148.8,51.2,7,LIN
148.8,52.800000000000004,7,LIN
148.8,54.400000000000006,7,LIN
148.8,56.0,7,LIN
148.8,57.6,7,LIN
148.8,59.2,7,LIN
148.8,60.800000000000004,7,LIN
148.8,62.400000000000006,7,LIN
148.8,64.0,7,LIN
148.8,65.60000000000001,7,LIN
148.8,67.2,7,LIN
148.8,68.8,7,LIN
148.8,70.4,7,LIN
148.8,72.0,7,LIN
148.8,73.60000000000001,7,LIN
148.8,88.0,7,LIN
148.8,94.4,7,LIN
148.8,139.20000000000002,6,LIN
148.8,140.8,6,LIN
148.8,142.4,6,LIN
148.8,144.0,6,LIN
148.8,145.6,6,LIN
148.8,147.20000000000002,6,LIN
148.8,148.8,6,LIN
148.8,150.4,6,LIN
148.8,153.60000000000002,6,LIN
148.8,155.20000000000002,6,LIN
150.4,48.0,7,LIN
150.4,49.6,7,LIN
150.4,51.2,7,LIN
150.4,52.800000000000004,7,LIN
150.4,54.400000000000006,7,LIN
150.4,56.0,7,LIN
150.4,57.6,7,LIN
150.4,59.2,7,LIN
150.4,60.800000000000004,7,LIN
150.4,64.0,7,LIN
150.4,67.2,7,LIN
150.4,68.8,7,LIN
150.4,70.4,7,LIN
150.4,72.0,7,LIN
150.4,73.60000000000001,7,LIN
150.4,75.2,7,LIN
150.4,86.4,7,LIN
150.4,88.0,7,LIN
150.4,89.60000000000001,7,LIN
150.4,91.2,7,LIN
150.4,140.8,6,LIN
150.4,142.4,6,LIN
150.4,144.0,6,LIN
150.4,145.6,6,LIN
150.4,147.20000000000002,6,LIN
150.4,148.8,6,LIN
150.4,150.4,6,LIN
150.4,152.0,6,LIN
150.4,153.60000000000002,6,LIN
150.4,155.20000000000002,6,LIN
150.4,156.8,6,LIN
152.0,49.6,7,LIN
152.0,51.2,7,LIN
152.0,54.400000000000006,7,LIN
152.0,56.0,7,LIN
152.0,57.6,7,LIN
152.0,59.2,7,LIN
152.0,60.800000000000004,7,LIN
152.0,62.400000000000006,7,LIN
152.0,65.60000000000001,7,LIN
152.0,67.2,7,LIN
152.0,68.8,7,LIN
152.0,70.4,7,LIN
152.0,72.0,7,LIN
152.0,73.60000000000001,7,LIN
152.0,75.2,7,LIN
152.0,81.60000000000001,7,LIN
152.0,86.4,7,LIN
152.0,88.0,7,LIN
152.0,89.60000000000001,7,LIN
152.0,91.2,7,LIN
152.0,92.80000000000001,7,LIN
152.0,145.6,6,LIN
152.0,147.20000000000002,6,LIN
152.0,148.8,6,LIN
152.0,150.4,6,LIN
152.0,152.0,6,LIN
152.0,153.60000000000002,6,LIN
152.0,155.20000000000002,6,LIN
152.0,156.8,6,LIN
152.0,158.4,6,LIN
152.0,160.0,6,LIN
153.60000000000002,49.6,7,LIN
153.60000000000002,51.2,7,LIN
153.60000000000002,54.400000000000006,7,LIN
153.60000000000002,56.0,7,LIN
153.60000000000002,57.6,7,LIN
153.60000000000002,59.2,7,LIN
153.60000000000002,60.800000000000004,7,LIN
153.60000000000002,62.400000000000006,7,LIN
153.60000000000002,64.0,7,LIN
153.60000000000002,65.60000000000001,7,LIN
153.60000000000002,67.2,7,LIN
153.60000000000002,68.8,7,LIN
153.60000000000002,70.4,7,LIN
153.60000000000002,72.0,7,LIN
153.60000000000002,73.60000000000001,7,LIN
153.60000000000002,75.2,7,LIN
153.60000000000002,76.80000000000001,7,LIN
153.60000000000002,81.60000000000001,7,LIN
153.60000000000002,84.80000000000001,7,LIN
153.60000000000002,86.4,7,LIN
153.60000000000002,88.0,7,LIN
153.60000000000002,89.60000000000001,7,LIN
153.60000000000002,91.2,7,LIN
153.60000000000002,92.80000000000001,7,LIN
153.60000000000002,94.4,7,LIN
153.60000000000002,96.0,7,LIN
153.60000000000002,97.60000000000001,7,LIN
153.60000000000002,145.6,6,LIN
153.60000000000002,147.20000000000002,6,LIN
153.60000000000002,148.8,6,LIN
153.60000000000002,150.4,6,LIN
153.60000000000002,153.60000000000002,6,LIN
153.60000000000002,155.20000000000002,6,LIN
153.60000000000002,156.8,6,LIN
153.60000000000002,158.4,6,LIN
153.60000000000002,160.0,6,LIN
155.20000000000002,51.2,7,LIN
155.20000000000002,52.800000000000004,7,LIN
155.20000000000002,56.0,7,LIN
155.20000000000002,57.6,7,LIN
155.20000000000002,59.2,7,LIN
155.20000000000002,60.800000000000004,7,LIN
155.20000000000002,62.400000000000006,7,LIN
155.20000000000002,64.0,7,LIN
155.20000000000002,65.60000000000001,7,LIN
155.20000000000002,67.2,7,LIN
155.20000000000002,68.8,7,LIN
155.20000000000002,70.4,7,LIN
155.20000000000002,72.0,7,LIN
155.20000000000002,73.60000000000001,7,LIN
155.20000000000002,75.2,7,LIN
155.20000000000002,76.80000000000001,7,LIN
155.20000000000002,78.4,7,LIN
155.20000000000002,83.2,7,LIN
155.20000000000002,84.80000000000001,7,LIN
155.20000000000002,86.4,7,LIN
155.20000000000002,88.0,7,LIN
155.20000000000002,89.60000000000001,7,LIN
155.20000000000002,91.2,7,LIN
155.20000000000002,92.80000000000001,7,LIN
155.20000000000002,94.4,7,LIN
155.20000000000002,96.0,7,LIN
155.20000000000002,97.60000000000001,7,LIN
155.20000000000002,147.20000000000002,6,LIN
155.20000000000002,148.8,6,LIN
155.20000000000002,152.0,6,LIN
155.20000000000002,153.60000000000002,6,LIN
155.20000000000002,155.20000000000002,6,LIN
155.20000000000002,158.4,6,LIN
155.20000000000002,160.0,6,LIN
156.8,67.2,7,LIN
156.8,68.8,7,LIN
156.8,70.4,7,LIN
156.8,72.0,7,LIN
156.8,73.60000000000001,7,LIN
156.8,75.2,7,LIN
156.8,76.80000000000001,7,LIN
156.8,78.4,7,LIN
156.8,80.0,7,LIN
156.8,81.60000000000001,7,LIN
156.8,83.2,7,LIN
156.8,84.80000000000001,7,LIN
156.8,86.4,7,LIN
156.8,89.60000000000001,7,LIN
156.8,91.2,7,LIN
156.8,92.80000000000001,7,LIN
156.8,94.4,7,LIN
156.8,96.0,7,LIN
156.8,97.60000000000001,7,LIN
156.8,148.8,6,LIN
156.8,150.4,6,LIN
156.8,152.0,6,LIN
156.8,153.60000000000002,6,LIN
156.8,155.20000000000002,6,LIN
156.8,158.4,6,LIN
156.8,160.0,6,LIN
158.4,91.2,7,LIN
158.4,92.80000000000001,7,LIN
158.4,94.4,7,LIN
158.4,96.0,7,LIN
158.4,97.60000000000001,7,LIN
158.4,99.2,7,LIN
158.4,152.0,6,LIN
158.4,153.60000000000002,6,LIN
158.4,155.20000000000002,6,LIN
158.4,158.4,6,LIN
160.0,91.2,7,LIN
160.0,92.80000000000001,7,LIN
160.0,94.4,7,LIN
160.0,153.60000000000002,6,LIN
161.60000000000002,92.80000000000001,7,LIN
161.60000000000002,94.4,7,LIN
161.60000000000002,96.0,7,LIN
161.60000000000002,97.60000000000001,7,LIN
161.60000000000002,155.20000000000002,6,LIN
163.20000000000002,97.60000000000001,7,LIN
163.20000000000002,99.2,7,LIN
164.8,92.80000000000001,7,LIN
164.8,94.4,7,LIN
166.4,92.80000000000001,7,LIN
166.4,94.4,7,LIN
166.4,96.0,7,LIN
168.0,92.80000000000001,7,LIN
168.0,94.4,7,LIN
168.0,96.0,7,LIN
168.0,97.60000000000001,7,LIN
168.0,99.2,7,LIN
169.60000000000002,96.0,7,LIN
169.60000000000002,97.60000000000001,7,LIN
169.60000000000002,99.2,7,LIN
171.20000000000002,92.80000000000001,7,LIN
171.20000000000002,94.4,7,LIN
171.20000000000002,96.0,7,LIN
171.20000000000002,97.60000000000001,7,LIN
171.20000000000002,99.2,7,LIN
172.8,92.80000000000001,7,LIN
172.8,94.4,7,LIN
172.8,96.0,7,LIN
172.8,97.60000000000001,7,LIN
172.8,99.2,7,LIN
174.4,92.80000000000001,7,LIN
174.4,94.4,7,LIN
174.4,96.0,7,LIN
174.4,97.60000000000001,7,LIN
174.4,99.2,7,LIN
176.0,92.80000000000001,7,LIN
176.0,94.4,7,LIN
176.0,96.0,7,LIN
176.0,97.60000000000001,7,LIN
176.0,99.2,7,LIN
177.60000000000002,92.80000000000001,7,LIN
177.60000000000002,94.4,7,LIN
177.60000000000002,96.0,7,LIN
177.60000000000002,97.60000000000001,7,LIN
177.60000000000002,99.2,7,LIN
179.20000000000002,92.80000000000001,7,LIN
179.20000000000002,94.4,7,LIN
179.20000000000002,96.0,7,LIN
179.20000000000002,97.60000000000001,7,LIN
179.20000000000002,99.2,7,LIN
180.8,92.80000000000001,7,LIN
180.8,94.4,7,LIN
180.8,96.0,7,LIN
180.8,97.60000000000001,7,LIN
180.8,99.2,7,LIN
182.4,92.80000000000001,7,LIN
182.4,94.4,7,LIN
182.4,96.0,7,LIN
182.4,97.60000000000001,7,LIN
182.4,99.2,7,LIN
184.0,92.80000000000001,7,LIN
184.0,94.4,7,LIN
184.0,96.0,7,LIN
184.0,97.60000000000001,7,LIN
184.0,99.2,7,LIN
185.60000000000002,92.80000000000001,7,LIN
185.60000000000002,94.4,7,LIN
185.60000000000002,99.2,7,LIN
185.60000000000002,100.80000000000001,7,LIN
187.20000000000002,92.80000000000001,7,LIN
187.20000000000002,94.4,7,LIN
187.20000000000002,96.0,7,LIN
187.20000000000002,97.60000000000001,7,LIN
188.8,92.80000000000001,7,LIN
188.8,94.4,7,LIN
188.8,96.0,7,LIN
188.8,97.60000000000001,7,LIN
188.8,100.80000000000001,7,LIN
190.4,92.80000000000001,7,LIN
190.4,94.4,7,LIN
190.4,96.0,7,LIN
190.4,99.2,7,LIN
192.0,92.80000000000001,7,LIN
192.0,94.4,7,LIN
192.0,96.0,7,LIN
192.0,97.60000000000001,7,LIN
193.60000000000002,94.4,7,LIN
193.60000000000002,96.0,7,LIN
193.60000000000002,97.60000000000001,7,LIN
193.60000000000002,102.4,7,LIN
195.20000000000002,94.4,7,LIN
195.20000000000002,97.60000000000001,7,LIN
196.8,96.0,7,LIN
196.8,97.60000000000001,7,LIN
198.4,97.60000000000001,7,LIN
200.0,100.80000000000001,7,LIN
0.0,40.0,0,LYM
1.9047619047619047,40.0,0,LYM
1.9047619047619047,41.904761904761905,0,LYM
9.523809523809524,70.47619047619047,1,LYM
11.428571428571427,30.476190476190474,-1,LYM
11.428571428571427,38.095238095238095,2,LYM
11.428571428571427,40.0,2,LYM
11.428571428571427,70.47619047619047,1,LYM
11.428571428571427,72.38095238095238,1,LYM
13.333333333333332,36.19047619047619,2,LYM
15.238095238095237,34.285714285714285,2,LYM
15.238095238095237,95.23809523809523,-1,LYM
20.952380952380953,72.38095238095238,3,LYM
20.952380952380953,74.28571428571428,3,LYM
22.857142857142854,74.28571428571428,3,LYM
24.76190476190476,74.28571428571428,3,LYM
24.76190476190476,76.19047619047619,3,LYM
26.666666666666664,76.19047619047619,3,LYM
26.666666666666664,97.14285714285714,-1,LYM
30.476190476190474,81.9047619047619,4,LYM
32.38095238095238,83.80952380952381,4,LYM
34.285714285714285,95.23809523809523,5,LYM
34.285714285714285,97.14285714285714,5,LYM
34.285714285714285,120.0,-1,LYM
36.19047619047619,11.428571428571427,6,LYM
36.19047619047619,13.333333333333332,6,LYM
36.19047619047619,97.14285714285714,5,LYM
36.19047619047619,99.04761904761904,5,LYM
36.19047619047619,100.95238095238095,5,LYM
38.095238095238095,99.04761904761904,5,LYM
38.095238095238095,100.95238095238095,5,LYM
38.095238095238095,102.85714285714285,5,LYM
40.0,100.95238095238095,5,LYM
40.0,102.85714285714285,5,LYM
47.61904761904761,1.9047619047619047,7,LYM
49.52380952380952,0.0,7,LYM
59.047619047619044,1.9047619047619047,8,LYM
60.95238095238095,1.9047619047619047,8,LYM
60.95238095238095,3.8095238095238093,8,LYM
62.857142857142854,3.8095238095238093,8,LYM
78.09523809523809,17.142857142857142,9,LYM
80.0,17.142857142857142,9,LYM
87.61904761904762,7.619047619047619,10,LYM
87.61904761904762,9.523809523809524,10,LYM
89.52380952380952,7.619047619047619,10,LYM
89.52380952380952,20.952380952380953,-1,LYM
131.42857142857142,190.47619047619045,11,LYM
133.33333333333331,190.47619047619045,11,LYM
135.23809523809524,188.57142857142856,11,LYM
140.95238095238093,186.66666666666666,12,LYM
144.76190476190476,11.428571428571427,-1,LYM
144.76190476190476,188.57142857142856,12,LYM
148.57142857142856,26.666666666666664,13,LYM
148.57142857142856,28.57142857142857,13,LYM
148.57142857142856,30.476190476190474,13,LYM
150.47619047619048,40.0,14,LYM
150.47619047619048,41.904761904761905,14,LYM
150.47619047619048,43.80952380952381,14,LYM
150.47619047619048,45.71428571428571,14,LYM
152.38095238095238,15.238095238095237,15,LYM
152.38095238095238,17.142857142857142,15,LYM
152.38095238095238,40.0,14,LYM
152.38095238095238,41.904761904761905,14,LYM
152.38095238095238,43.80952380952381,14,LYM
152.38095238095238,45.71428571428571,14,LYM
154.28571428571428,17.142857142857142,15,LYM
154.28571428571428,24.76190476190476,-1,LYM
154.28571428571428,40.0,14,LYM
154.28571428571428,41.904761904761905,14,LYM
154.28571428571428,43.80952380952381,14,LYM
154.28571428571428,45.71428571428571,14,LYM
154.28571428571428,186.66666666666666,-1,LYM
156.19047619047618,40.0,14,LYM
156.19047619047618,41.904761904761905,14,LYM
156.19047619047618,192.38095238095238,-1,LYM
161.9047619047619,167.61904761904762,16,LYM
161.9047619047619,169.52380952380952,16,LYM
163.8095238095238,45.71428571428571,17,LYM
165.7142857142857,45.71428571428571,17,LYM
169.52380952380952,171.42857142857142,-1,LYM
171.42857142857142,59.047619047619044,18,LYM
171.42857142857142,60.95238095238095,18,LYM
171.42857142857142,95.23809523809523,19,LYM
173.33333333333331,62.857142857142854,18,LYM
173.33333333333331,91.42857142857142,19,LYM
173.33333333333331,95.23809523809523,19,LYM
173.33333333333331,97.14285714285714,19,LYM
173.33333333333331,99.04761904761904,19,LYM
173.33333333333331,100.95238095238095,19,LYM
175.23809523809524,89.52380952380952,19,LYM
175.23809523809524,91.42857142857142,19,LYM
175.23809523809524,93.33333333333333,19,LYM
175.23809523809524,95.23809523809523,19,LYM
175.23809523809524,97.14285714285714,19,LYM
175.23809523809524,100.95238095238095,19,LYM
175.23809523809524,102.85714285714285,19,LYM
175.23809523809524,104.76190476190476,19,LYM
175.23809523809524,108.57142857142857,19,LYM
177.14285714285714,68.57142857142857,20,LYM
177.14285714285714,72.38095238095238,20,LYM
177.14285714285714,85.71428571428571,19,LYM
177.14285714285714,87.61904761904762,19,LYM
177.14285714285714,89.52380952380952,19,LYM
177.14285714285714,91.42857142857142,19,LYM
177.14285714285714,104.76190476190476,19,LYM
177.14285714285714,106.66666666666666,19,LYM
177.14285714285714,108.57142857142857,19,LYM
179.04761904761904,57.14285714285714,21,LYM
179.04761904761904,70.47619047619047,20,LYM
179.04761904761904,85.71428571428571,19,LYM
179.04761904761904,87.61904761904762,19,LYM
179.04761904761904,89.52380952380952,19,LYM
179.04761904761904,108.57142857142857,19,LYM
179.04761904761904,110.47619047619047,19,LYM
179.04761904761904,163.8095238095238,22,LYM
179.04761904761904,165.7142857142857,22,LYM
180.95238095238093,57.14285714285714,21,LYM
180.95238095238093,87.61904761904762,19,LYM
180.95238095238093,89.52380952380952,19,LYM
180.95238095238093,112.38095238095238,19,LYM
180.95238095238093,165.7142857142857,22,LYM
182.85714285714283,59.047619047619044,21,LYM
182.85714285714283,112.38095238095238,19,LYM
188.57142857142856,110.47619047619047,23,LYM
188.57142857142856,112.38095238095238,23,LYM
190.47619047619045,112.38095238095238,23,LYM
192.38095238095238,104.76190476190476,23,LYM
192.38095238095238,106.66666666666666,23,LYM
194.28571428571428,108.57142857142857,23,LYM
194.28571428571428,110.47619047619047,23,LYM
194.28571428571428,112.38095238095238,23,LYM
196.19047619047618,110.47619047619047,23,LYM
196.19047619047618,112.38095238095238,23,LYM
200.0,104.76190476190476,24,LYM
200.0,106.66666666666666,24,LYM
0.0,99.17355371900827,0,STR
1.6528925619834711,33.057851239669425,1,STR
1.6528925619834711,72.72727272727273,-1,STR
1.6528925619834711,97.52066115702479,0,STR
1.6528925619834711,99.17355371900827,0,STR
3.3057851239669422,31.40495867768595,1,STR
4.958677685950414,29.75206611570248,1,STR
6.6115702479338845,41.32231404958678,2,STR
6.6115702479338845,42.97520661157025,2,STR
8.264462809917356,39.66942148760331,2,STR
8.264462809917356,41.32231404958678,2,STR
8.264462809917356,42.97520661157025,2,STR
9.917355371900827,19.834710743801654,3,STR
9.917355371900827,36.36363636363637,2,STR
9.917355371900827,38.01652892561984,2,STR
9.917355371900827,39.66942148760331,2,STR
9.917355371900827,41.32231404958678,2,STR
9.917355371900827,42.97520661157025,2,STR
9.917355371900827,44.62809917355372,2,STR
11.570247933884298,19.834710743801654,3,STR
11.570247933884298,36.36363636363637,2,STR
11.570247933884298,38.01652892561984,2,STR
11.570247933884298,39.66942148760331,2,STR
11.570247933884298,41.32231404958678,2,STR
11.570247933884298,42.97520661157025,2,STR
11.570247933884298,44.62809917355372,2,STR
13.223140495867769,18.181818181818183,3,STR
13.223140495867769,38.01652892561984,2,STR
13.223140495867769,39.66942148760331,2,STR
16.528925619834713,92.56198347107438,4,STR
18.181818181818183,8.264462809917356,5,STR
18.181818181818183,9.917355371900827,5,STR
18.181818181818183,89.25619834710744,4,STR
19.834710743801654,67.76859504132231,6,STR
19.834710743801654,69.42148760330579,6,STR
19.834710743801654,90.9090909090909,4,STR
21.487603305785125,67.76859504132231,6,STR
21.487603305785125,69.42148760330579,6,STR
23.140495867768596,67.76859504132231,6,STR
23.140495867768596,69.42148760330579,6,STR
23.140495867768596,71.07438016528926,6,STR
23.140495867768596,74.3801652892562,6,STR
24.793388429752067,11.570247933884298,7,STR
24.793388429752067,74.3801652892562,6,STR
24.793388429752067,76.03305785123968,6,STR
24.793388429752067,112.39669421487604,8,STR
26.446280991735538,69.42148760330579,6,STR
26.446280991735538,71.07438016528926,6,STR
26.446280991735538,72.72727272727273,6,STR
26.446280991735538,74.3801652892562,6,STR
26.446280991735538,76.03305785123968,6,STR
26.446280991735538,77.68595041322314,6,STR
26.446280991735538,110.74380165289257,8,STR
26.446280991735538,112.39669421487604,8,STR
26.446280991735538,114.04958677685951,8,STR
28.09917355371901,8.264462809917356,7,STR
28.09917355371901,9.917355371900827,7,STR
28.09917355371901,71.07438016528926,6,STR
28.09917355371901,74.3801652892562,6,STR
28.09917355371901,76.03305785123968,6,STR
28.09917355371901,77.68595041322314,6,STR
28.09917355371901,79.33884297520662,6,STR
28.09917355371901,85.9504132231405,6,STR
28.09917355371901,112.39669421487604,8,STR
28.09917355371901,114.04958677685951,8,STR
28.09917355371901,115.70247933884298,8,STR
29.75206611570248,8.264462809917356,7,STR
29.75206611570248,14.87603305785124,9,STR
29.75206611570248,16.528925619834713,9,STR
29.75206611570248,71.07438016528926,6,STR
29.75206611570248,72.72727272727273,6,STR
29.75206611570248,74.3801652892562,6,STR
29.75206611570248,76.03305785123968,6,STR
29.75206611570248,77.68595041322314,6,STR
29.75206611570248,79.33884297520662,6,STR
29.75206611570248,85.9504132231405,6,STR
29.75206611570248,112.39669421487604,8,STR
29.75206611570248,114.04958677685951,8,STR
29.75206611570248,115.70247933884298,8,STR
29.75206611570248,117.35537190082646,8,STR
29.75206611570248,119.00826446280992,8,STR
31.40495867768595,8.264462809917356,7,STR
31.40495867768595,14.87603305785124,9,STR
31.40495867768595,16.528925619834713,9,STR
31.40495867768595,18.181818181818183,9,STR
31.40495867768595,69.42148760330579,6,STR
31.40495867768595,71.07438016528926,6,STR
31.40495867768595,72.72727272727273,6,STR
31.40495867768595,76.03305785123968,6,STR
31.40495867768595,77.68595041322314,6,STR
31.40495867768595,79.33884297520662,6,STR
31.40495867768595,80.99173553719008,6,STR
31.40495867768595,87.60330578512396,6,STR
31.40495867768595,89.25619834710744,6,STR
31.40495867768595,90.9090909090909,6,STR
31.40495867768595,114.04958677685951,8,STR
31.40495867768595,115.70247933884298,8,STR
31.40495867768595,117.35537190082646,8,STR
31.40495867768595,119.00826446280992,8,STR
31.40495867768595,120.6611570247934,8,STR
33.057851239669425,13.223140495867769,9,STR
33.057851239669425,14.87603305785124,9,STR
33.057851239669425,16.528925619834713,9,STR
33.057851239669425,18.181818181818183,9,STR
33.057851239669425,71.07438016528926,6,STR
33.057851239669425,72.72727272727273,6,STR
33.057851239669425,74.3801652892562,6,STR
33.057851239669425,77.68595041322314,6,STR
33.057851239669425,79.33884297520662,6,STR
33.057851239669425,80.99173553719008,6,STR
33.057851239669425,82.64462809917356,6,STR
33.057851239669425,85.9504132231405,6,STR
33.057851239669425,87.60330578512396,6,STR
33.057851239669425,114.04958677685951,8,STR
33.057851239669425,115.70247933884298,8,STR
33.057851239669425,117.35537190082646,8,STR
33.057851239669425,119.00826446280992,8,STR
33.057851239669425,120.6611570247934,8,STR
33.057851239669425,122.31404958677686,8,STR
34.710743801652896,13.223140495867769,9,STR
34.710743801652896,14.87603305785124,9,STR
34.710743801652896,16.528925619834713,9,STR
34.710743801652896,18.181818181818183,9,STR
34.710743801652896,72.72727272727273,6,STR
34.710743801652896,74.3801652892562,6,STR
34.710743801652896,76.03305785123968,6,STR
34.710743801652896,77.68595041322314,6,STR
34.710743801652896,80.99173553719008,6,STR
34.710743801652896,82.64462809917356,6,STR
34.710743801652896,84.29752066115702,6,STR
34.710743801652896,85.9504132231405,6,STR
34.710743801652896,87.60330578512396,6,STR
34.710743801652896,89.25619834710744,6,STR
34.710743801652896,90.9090909090909,6,STR
34.710743801652896,92.56198347107438,6,STR
34.710743801652896,94.21487603305785,6,STR
34.710743801652896,114.04958677685951,8,STR
34.710743801652896,115.70247933884298,8,STR
34.710743801652896,117.35537190082646,8,STR
34.710743801652896,119.00826446280992,8,STR
34.710743801652896,120.6611570247934,8,STR
36.36363636363637,13.223140495867769,9,STR
36.36363636363637,14.87603305785124,9,STR
36.36363636363637,16.528925619834713,9,STR
36.36363636363637,18.181818181818183,9,STR
36.36363636363637,72.72727272727273,6,STR
36.36363636363637,74.3801652892562,6,STR
36.36363636363637,77.68595041322314,6,STR
36.36363636363637,79.33884297520662,6,STR
36.36363636363637,84.29752066115702,6,STR
36.36363636363637,85.9504132231405,6,STR
36.36363636363637,87.60330578512396,6,STR
36.36363636363637,89.25619834710744,6,STR
36.36363636363637,90.9090909090909,6,STR
36.36363636363637,92.56198347107438,6,STR
36.36363636363637,94.21487603305785,6,STR
36.36363636363637,114.04958677685951,8,STR
36.36363636363637,115.70247933884298,8,STR
36.36363636363637,117.35537190082646,8,STR
36.36363636363637,119.00826446280992,8,STR
36.36363636363637,120.6611570247934,8,STR
36.36363636363637,122.31404958677686,8,STR
38.01652892561984,14.87603305785124,9,STR
38.01652892561984,16.528925619834713,9,STR
38.01652892561984,72.72727272727273,6,STR
38.01652892561984,74.3801652892562,6,STR
38.01652892561984,79.33884297520662,6,STR
38.01652892561984,80.99173553719008,6,STR
38.01652892561984,82.64462809917356,6,STR
38.01652892561984,85.9504132231405,6,STR
38.01652892561984,87.60330578512396,6,STR
38.01652892561984,89.25619834710744,6,STR
38.01652892561984,90.9090909090909,6,STR
38.01652892561984,92.56198347107438,6,STR
38.01652892561984,94.21487603305785,6,STR
38.01652892561984,114.04958677685951,8,STR
38.01652892561984,115.70247933884298,8,STR
38.01652892561984,117.35537190082646,8,STR
38.01652892561984,119.00826446280992,8,STR
38.01652892561984,120.6611570247934,8,STR
38.01652892561984,122.31404958677686,8,STR
38.01652892561984,123.96694214876034,8,STR
39.66942148760331,74.3801652892562,6,STR
39.66942148760331,76.03305785123968,6,STR
39.66942148760331,77.68595041322314,6,STR
39.66942148760331,79.33884297520662,6,STR
39.66942148760331,80.99173553719008,6,STR
39.66942148760331,82.64462809917356,6,STR
39.66942148760331,84.29752066115702,6,STR
39.66942148760331,85.9504132231405,6,STR
39.66942148760331,87.60330578512396,6,STR
39.66942148760331,89.25619834710744,6,STR
39.66942148760331,90.9090909090909,6,STR
39.66942148760331,92.56198347107438,6,STR
39.66942148760331,94.21487603305785,6,STR
39.66942148760331,115.70247933884298,8,STR
39.66942148760331,117.35537190082646,8,STR
39.66942148760331,119.00826446280992,8,STR
39.66942148760331,120.6611570247934,8,STR
39.66942148760331,122.31404958677686,8,STR
39.66942148760331,123.96694214876034,8,STR
39.66942148760331,127.27272727272728,8,STR
39.66942148760331,128.92561983471074,8,STR
41.32231404958678,76.03305785123968,6,STR
41.32231404958678,79.33884297520662,6,STR
41.32231404958678,80.99173553719008,6,STR
41.32231404958678,82.64462809917356,6,STR
41.32231404958678,84.29752066115702,6,STR
41.32231404958678,85.9504132231405,6,STR
41.32231404958678,87.60330578512396,6,STR
41.32231404958678,89.25619834710744,6,STR
41.32231404958678,90.9090909090909,6,STR
41.32231404958678,92.56198347107438,6,STR
41.32231404958678,114.04958677685951,8,STR
41.32231404958678,115.70247933884298,8,STR
41.32231404958678,117.35537190082646,8,STR
41.32231404958678,119.00826446280992,8,STR
41.32231404958678,120.6611570247934,8,STR
41.32231404958678,122.31404958677686,8,STR
41.32231404958678,123.96694214876034,8,STR
41.32231404958678,125.6198347107438,8,STR
41.32231404958678,127.27272727272728,8,STR
41.32231404958678,128.92561983471074,8,STR
42.97520661157025,82.64462809917356,6,STR
42.97520661157025,84.29752066115702,6,STR
42.97520661157025,87.60330578512396,6,STR
42.97520661157025,89.25619834710744,6,STR
42.97520661157025,90.9090909090909,6,STR
42.97520661157025,92.56198347107438,6,STR
42.97520661157025,115.70247933884298,8,STR
42.97520661157025,117.35537190082646,8,STR
42.97520661157025,119.00826446280992,8,STR
42.97520661157025,120.6611570247934,8,STR
42.97520661157025,122.31404958677686,8,STR
42.97520661157025,123.96694214876034,8,STR
42.97520661157025,125.6198347107438,8,STR
42.97520661157025,127.27272727272728,8,STR
42.97520661157025,128.92561983471074,8,STR
42.97520661157025,130.5785123966942,8,STR
44.62809917355372,90.9090909090909,6,STR
44.62809917355372,115.70247933884298,8,STR
44.62809917355372,117.35537190082646,8,STR
44.62809917355372,119.00826446280992,8,STR
44.62809917355372,120.6611570247934,8,STR
44.62809917355372,122.31404958677686,8,STR
44.62809917355372,123.96694214876034,8,STR
44.62809917355372,125.6198347107438,8,STR
44.62809917355372,127.27272727272728,8,STR
44.62809917355372,128.92561983471074,8,STR
46.28099173553719,115.70247933884298,8,STR
46.28099173553719,117.35537190082646,8,STR
46.28099173553719,119.00826446280992,8,STR
46.28099173553719,120.6611570247934,8,STR
46.28099173553719,122.31404958677686,8,STR
46.28099173553719,123.96694214876034,8,STR
46.28099173553719,125.6198347107438,8,STR
47.93388429752066,117.35537190082646,8,STR
47.93388429752066,119.00826446280992,8,STR
47.93388429752066,122.31404958677686,8,STR
47.93388429752066,132.2314049586777,8,STR
51.239669421487605,0.0,-1,STR
52.892561983471076,133.88429752066116,10,STR
52.892561983471076,135.53719008264463,10,STR
54.54545454545455,16.528925619834713,11,STR
54.54545454545455,133.88429752066116,10,STR
54.54545454545455,135.53719008264463,10,STR
54.54545454545455,137.1900826446281,10,STR
56.19834710743802,1.6528925619834711,12,STR
56.19834710743802,16.528925619834713,11,STR
56.19834710743802,18.181818181818183,11,STR
56.19834710743802,19.834710743801654,11,STR
56.19834710743802,135.53719008264463,10,STR
56.19834710743802,137.1900826446281,10,STR
57.85123966942149,3.3057851239669422,12,STR
57.85123966942149,18.181818181818183,11,STR
57.85123966942149,19.834710743801654,11,STR
57.85123966942149,21.487603305785125,11,STR
57.85123966942149,23.140495867768596,11,STR
57.85123966942149,24.793388429752067,11,STR
57.85123966942149,132.2314049586777,10,STR
57.85123966942149,137.1900826446281,10,STR
59.50413223140496,19.834710743801654,11,STR
59.50413223140496,21.487603305785125,11,STR
59.50413223140496,23.140495867768596,11,STR
59.50413223140496,24.793388429752067,11,STR
59.50413223140496,26.446280991735538,11,STR
59.50413223140496,28.09917355371901,11,STR
59.50413223140496,133.88429752066116,10,STR
59.50413223140496,135.53719008264463,10,STR
59.50413223140496,137.1900826446281,10,STR
59.50413223140496,138.84297520661158,10,STR
61.15702479338843,21.487603305785125,11,STR
61.15702479338843,24.793388429752067,11,STR
61.15702479338843,26.446280991735538,11,STR
61.15702479338843,28.09917355371901,11,STR
61.15702479338843,29.75206611570248,11,STR
61.15702479338843,31.40495867768595,11,STR
61.15702479338843,133.88429752066116,10,STR
61.15702479338843,135.53719008264463,10,STR
61.15702479338843,140.49586776859505,10,STR
62.8099173553719,23.140495867768596,11,STR
62.8099173553719,24.793388429752067,11,STR
62.8099173553719,26.446280991735538,11,STR
62.8099173553719,28.09917355371901,11,STR
62.8099173553719,29.75206611570248,11,STR
62.8099173553719,31.40495867768595,11,STR
62.8099173553719,33.057851239669425,11,STR
62.8099173553719,34.710743801652896,11,STR
62.8099173553719,133.88429752066116,10,STR
62.8099173553719,138.84297520661158,10,STR
62.8099173553719,140.49586776859505,10,STR
64.46280991735537,24.793388429752067,11,STR
64.46280991735537,26.446280991735538,11,STR
64.46280991735537,28.09917355371901,11,STR
64.46280991735537,29.75206611570248,11,STR
64.46280991735537,31.40495867768595,11,STR
64.46280991735537,33.057851239669425,11,STR
64.46280991735537,34.710743801652896,11,STR
64.46280991735537,36.36363636363637,11,STR
64.46280991735537,133.88429752066116,10,STR
64.46280991735537,135.53719008264463,10,STR
64.46280991735537,138.84297520661158,10,STR
66.11570247933885,21.487603305785125,11,STR
66.11570247933885,24.793388429752067,11,STR
66.11570247933885,26.446280991735538,11,STR
66.11570247933885,28.09917355371901,11,STR
66.11570247933885,29.75206611570248,11,STR
66.11570247933885,31.40495867768595,11,STR
66.11570247933885,33.057851239669425,11,STR
66.11570247933885,34.710743801652896,11,STR
66.11570247933885,36.36363636363637,11,STR
66.11570247933885,38.01652892561984,11,STR
66.11570247933885,132.2314049586777,10,STR
66.11570247933885,133.88429752066116,10,STR
66.11570247933885,135.53719008264463,10,STR
66.11570247933885,137.1900826446281,10,STR
66.11570247933885,138.84297520661158,10,STR
66.11570247933885,140.49586776859505,10,STR
67.76859504132231,23.140495867768596,11,STR
67.76859504132231,24.793388429752067,11,STR
67.76859504132231,26.446280991735538,11,STR
67.76859504132231,28.09917355371901,11,STR
67.76859504132231,29.75206611570248,11,STR
67.76859504132231,31.40495867768595,11,STR
67.76859504132231,33.057851239669425,11,STR
67.76859504132231,34.710743801652896,11,STR
67.76859504132231,36.36363636363637,11,STR
67.76859504132231,38.01652892561984,11,STR
67.76859504132231,130.5785123966942,10,STR
67.76859504132231,132.2314049586777,10,STR
67.76859504132231,133.88429752066116,10,STR
67.76859504132231,135.53719008264463,10,STR
67.76859504132231,137.1900826446281,10,STR
67.76859504132231,140.49586776859505,10,STR
67.76859504132231,142.1487603305785,10,STR
67.76859504132231,143.80165289256198,10,STR
67.76859504132231,145.45454545454547,10,STR
67.76859504132231,147.10743801652893,10,STR
69.42148760330579,24.793388429752067,11,STR
69.42148760330579,26.446280991735538,11,STR
69.42148760330579,28.09917355371901,11,STR
69.42148760330579,29.75206611570248,11,STR
69.42148760330579,31.40495867768595,11,STR
69.42148760330579,33.057851239669425,11,STR
69.42148760330579,34.710743801652896,11,STR
69.42148760330579,36.36363636363637,11,STR
69.42148760330579,38.01652892561984,11,STR
69.42148760330579,39.66942148760331,11,STR
69.42148760330579,132.2314049586777,10,STR
69.42148760330579,133.88429752066116,10,STR
69.42148760330579,135.53719008264463,10,STR
69.42148760330579,137.1900826446281,10,STR
69.42148760330579,138.84297520661158,10,STR
69.42148760330579,140.49586776859505,10,STR
69.42148760330579,142.1487603305785,10,STR
69.42148760330579,143.80165289256198,10,STR
69.42148760330579,145.45454545454547,10,STR
69.42148760330579,147.10743801652893,10,STR
69.42148760330579,148.7603305785124,10,STR
71.07438016528926,19.834710743801654,11,STR
71.07438016528926,28.09917355371901,11,STR
71.07438016528926,29.75206611570248,11,STR
71.07438016528926,31.40495867768595,11,STR
71.07438016528926,33.057851239669425,11,STR
71.07438016528926,34.710743801652896,11,STR
71.07438016528926,36.36363636363637,11,STR
71.07438016528926,38.01652892561984,11,STR
71.07438016528926,130.5785123966942,10,STR
71.07438016528926,132.2314049586777,10,STR
71.07438016528926,133.88429752066116,10,STR
71.07438016528926,138.84297520661158,10,STR
71.07438016528926,140.49586776859505,10,STR
71.07438016528926,142.1487603305785,10,STR
71.07438016528926,143.80165289256198,10,STR
71.07438016528926,145.45454545454547,10,STR
71.07438016528926,147.10743801652893,10,STR
71.07438016528926,148.7603305785124,10,STR
72.72727272727273,28.09917355371901,11,STR
72.72727272727273,29.75206611570248,11,STR
72.72727272727273,31.40495867768595,11,STR
72.72727272727273,33.057851239669425,11,STR
72.72727272727273,34.710743801652896,11,STR
72.72727272727273,36.36363636363637,11,STR
72.72727272727273,38.01652892561984,11,STR
72.72727272727273,39.66942148760331,11,STR
72.72727272727273,130.5785123966942,10,STR
72.72727272727273,132.2314049586777,10,STR
72.72727272727273,135.53719008264463,10,STR
72.72727272727273,140.49586776859505,10,STR
72.72727272727273,142.1487603305785,10,STR
72.72727272727273,143.80165289256198,10,STR
72.72727272727273,145.45454545454547,10,STR
72.72727272727273,147.10743801652893,10,STR
72.72727272727273,148.7603305785124,10,STR
74.3801652892562,28.09917355371901,11,STR
74.3801652892562,29.75206611570248,11,STR
74.3801652892562,31.40495867768595,11,STR
74.3801652892562,33.057851239669425,11,STR
74.3801652892562,34.710743801652896,11,STR
74.3801652892562,36.36363636363637,11,STR
74.3801652892562,38.01652892561984,11,STR
74.3801652892562,39.66942148760331,11,STR
74.3801652892562,132.2314049586777,10,STR
74.3801652892562,133.88429752066116,10,STR
74.3801652892562,135.53719008264463,10,STR
74.3801652892562,138.84297520661158,10,STR
74.3801652892562,140.49586776859505,10,STR
74.3801652892562,142.1487603305785,10,STR
74.3801652892562,143.80165289256198,10,STR
74.3801652892562,145.45454545454547,10,STR
74.3801652892562,147.10743801652893,10,STR
74.3801652892562,148.7603305785124,10,STR
76.03305785123968,4.958677685950414,13,STR
76.03305785123968,26.446280991735538,11,STR
76.03305785123968,28.09917355371901,11,STR
76.03305785123968,29.75206611570248,11,STR
76.03305785123968,31.40495867768595,11,STR
76.03305785123968,33.057851239669425,11,STR
76.03305785123968,34.710743801652896,11,STR
76.03305785123968,36.36363636363637,11,STR
76.03305785123968,38.01652892561984,11,STR
76.03305785123968,132.2314049586777,10,STR
76.03305785123968,133.88429752066116,10,STR
76.03305785123968,138.84297520661158,10,STR
76.03305785123968,143.80165289256198,10,STR
76.03305785123968,145.45454545454547,10,STR
76.03305785123968,147.10743801652893,10,STR
76.03305785123968,148.7603305785124,10,STR
76.03305785123968,150.41322314049586,10,STR
77.68595041322314,3.3057851239669422,13,STR
77.68595041322314,4.958677685950414,13,STR
77.68595041322314,26.446280991735538,11,STR
77.68595041322314,28.09917355371901,11,STR
77.68595041322314,29.75206611570248,11,STR
77.68595041322314,31.40495867768595,11,STR
77.68595041322314,33.057851239669425,11,STR
77.68595041322314,34.710743801652896,11,STR
77.68595041322314,36.36363636363637,11,STR
77.68595041322314,132.2314049586777,10,STR
77.68595041322314,133.88429752066116,10,STR
77.68595041322314,145.45454545454547,10,STR
77.68595041322314,147.10743801652893,10,STR
77.68595041322314,148.7603305785124,10,STR
77.68595041322314,150.41322314049586,10,STR
79.33884297520662,1.6528925619834711,13,STR
79.33884297520662,3.3057851239669422,13,STR
79.33884297520662,24.793388429752067,11,STR
79.33884297520662,26.446280991735538,11,STR
79.33884297520662,28.09917355371901,11,STR
79.33884297520662,29.75206611570248,11,STR
79.33884297520662,31.40495867768595,11,STR
79.33884297520662,33.057851239669425,11,STR
79.33884297520662,147.10743801652893,10,STR
79.33884297520662,148.7603305785124,10,STR
79.33884297520662,150.41322314049586,10,STR
80.99173553719008,0.0,13,STR
80.99173553719008,1.6528925619834711,13,STR
80.99173553719008,28.09917355371901,11,STR
80.99173553719008,29.75206611570248,11,STR
80.99173553719008,31.40495867768595,11,STR
80.99173553719008,33.057851239669425,11,STR
80.99173553719008,34.710743801652896,11,STR
80.99173553719008,145.45454545454547,10,STR
80.99173553719008,147.10743801652893,10,STR
80.99173553719008,148.7603305785124,10,STR
80.99173553719008,150.41322314049586,10,STR
80.99173553719008,152.06611570247935,10,STR
82.64462809917356,0.0,13,STR
82.64462809917356,1.6528925619834711,13,STR
82.64462809917356,13.223140495867769,14,STR
82.64462809917356,14.87603305785124,14,STR
82.64462809917356,33.057851239669425,11,STR
82.64462809917356,145.45454545454547,10,STR
82.64462809917356,147.10743801652893,10,STR
82.64462809917356,148.7603305785124,10,STR
82.64462809917356,150.41322314049586,10,STR
84.29752066115702,0.0,13,STR
84.29752066115702,147.10743801652893,10,STR
84.29752066115702,148.7603305785124,10,STR
85.9504132231405,0.0,13,STR
85.9504132231405,1.6528925619834711,13,STR
85.9504132231405,145.45454545454547,10,STR
85.9504132231405,147.10743801652893,10,STR
85.9504132231405,150.41322314049586,10,STR
85.9504132231405,152.06611570247935,10,STR
85.9504132231405,155.37190082644628,10,STR
87.60330578512396,0.0,13,STR
87.60330578512396,6.6115702479338845,13,STR
87.60330578512396,143.80165289256198,10,STR
87.60330578512396,145.45454545454547,10,STR
87.60330578512396,147.10743801652893,10,STR
87.60330578512396,148.7603305785124,10,STR
87.60330578512396,152.06611570247935,10,STR
87.60330578512396,153.71900826446281,10,STR
87.60330578512396,155.37190082644628,10,STR
89.25619834710744,0.0,13,STR
89.25619834710744,1.6528925619834711,13,STR
89.25619834710744,6.6115702479338845,13,STR
89.25619834710744,8.264462809917356,13,STR
89.25619834710744,143.80165289256198,10,STR
89.25619834710744,145.45454545454547,10,STR
89.25619834710744,147.10743801652893,10,STR
89.25619834710744,150.41322314049586,10,STR
89.25619834710744,152.06611570247935,10,STR
89.25619834710744,153.71900826446281,10,STR
89.25619834710744,155.37190082644628,10,STR
89.25619834710744,157.02479338842974,10,STR
90.9090909090909,0.0,13,STR
90.9090909090909,1.6528925619834711,13,STR
90.9090909090909,4.958677685950414,13,STR
90.9090909090909,6.6115702479338845,13,STR
90.9090909090909,8.264462809917356,13,STR
90.9090909090909,145.45454545454547,10,STR
90.9090909090909,147.10743801652893,10,STR
90.9090909090909,148.7603305785124,10,STR
90.9090909090909,152.06611570247935,10,STR
90.9090909090909,157.02479338842974,10,STR
92.56198347107438,0.0,13,STR
92.56198347107438,4.958677685950414,13,STR
92.56198347107438,6.6115702479338845,13,STR
92.56198347107438,147.10743801652893,10,STR
92.56198347107438,148.7603305785124,10,STR
92.56198347107438,150.41322314049586,10,STR
92.56198347107438,152.06611570247935,10,STR
92.56198347107438,153.71900826446281,10,STR
92.56198347107438,161.98347107438016,10,STR
94.21487603305785,0.0,13,STR
94.21487603305785,4.958677685950414,13,STR
94.21487603305785,148.7603305785124,10,STR
94.21487603305785,150.41322314049586,10,STR
94.21487603305785,152.06611570247935,10,STR
94.21487603305785,153.71900826446281,10,STR
94.21487603305785,155.37190082644628,10,STR
94.21487603305785,157.02479338842974,10,STR
94.21487603305785,158.67768595041323,10,STR
94.21487603305785,160.3305785123967,10,STR
94.21487603305785,161.98347107438016,10,STR
94.21487603305785,163.63636363636365,10,STR
95.86776859504133,0.0,13,STR
95.86776859504133,3.3057851239669422,13,STR
95.86776859504133,4.958677685950414,13,STR
95.86776859504133,148.7603305785124,10,STR
95.86776859504133,150.41322314049586,10,STR
95.86776859504133,152.06611570247935,10,STR
95.86776859504133,153.71900826446281,10,STR
95.86776859504133,155.37190082644628,10,STR
95.86776859504133,157.02479338842974,10,STR
95.86776859504133,158.67768595041323,10,STR
95.86776859504133,160.3305785123967,10,STR
95.86776859504133,161.98347107438016,10,STR
95.86776859504133,163.63636363636365,10,STR
97.52066115702479,3.3057851239669422,13,STR
97.52066115702479,4.958677685950414,13,STR
97.52066115702479,166.94214876033058,10,STR
99.17355371900827,3.3057851239669422,13,STR
99.17355371900827,168.59504132231405,10,STR
100.82644628099173,1.6528925619834711,13,STR
100.82644628099173,3.3057851239669422,13,STR
102.47933884297521,1.6528925619834711,13,STR
102.47933884297521,170.24793388429754,10,STR
104.13223140495867,1.6528925619834711,13,STR
105.78512396694215,1.6528925619834711,13,STR
105.78512396694215,168.59504132231405,10,STR
105.78512396694215,171.900826446281,10,STR
107.43801652892563,173.55371900826447,10,STR
110.74380165289257,3.3057851239669422,-1,STR
112.39669421487604,175.20661157024793,-1,STR
115.70247933884298,4.958677685950414,15,STR
117.35537190082646,6.6115702479338845,15,STR
119.00826446280992,6.6115702479338845,15,STR
120.6611570247934,8.264462809917356,15,STR
122.31404958677686,9.917355371900827,15,STR
122.31404958677686,26.446280991735538,16,STR
122.31404958677686,28.09917355371901,16,STR
122.31404958677686,29.75206611570248,16,STR
123.96694214876034,11.570247933884298,15,STR
123.96694214876034,24.793388429752067,16,STR
123.96694214876034,26.446280991735538,16,STR
123.96694214876034,29.75206611570248,16,STR
125.6198347107438,11.570247933884298,15,STR
125.6198347107438,13.223140495867769,15,STR
125.6198347107438,24.793388429752067,16,STR
125.6198347107438,171.900826446281,-1,STR
127.27272727272728,13.223140495867769,15,STR
127.27272727272728,166.94214876033058,-1,STR
128.92561983471074,14.87603305785124,15,STR
128.92561983471074,16.528925619834713,15,STR
130.5785123966942,16.528925619834713,15,STR
130.5785123966942,28.09917355371901,17,STR
132.2314049586777,18.181818181818183,15,STR
132.2314049586777,26.446280991735538,17,STR
132.2314049586777,28.09917355371901,17,STR
132.2314049586777,29.75206611570248,17,STR
133.88429752066116,153.71900826446281,18,STR
133.88429752066116,155.37190082644628,18,STR
133.88429752066116,157.02479338842974,18,STR
135.53719008264463,152.06611570247935,18,STR
135.53719008264463,153.71900826446281,18,STR
135.53719008264463,157.02479338842974,18,STR
137.1900826446281,160.3305785123967,18,STR
140.49586776859505,52.892561983471076,19,STR
140.49586776859505,54.54545454545455,19,STR
142.1487603305785,54.54545454545455,19,STR
142.1487603305785,56.19834710743802,19,STR
143.80165289256198,56.19834710743802,19,STR
143.80165289256198,89.25619834710744,20,STR
143.80165289256198,90.9090909090909,20,STR
145.45454545454547,89.25619834710744,20,STR
147.10743801652893,85.9504132231405,20,STR
148.7603305785124,157.02479338842974,-1,STR
150.41322314049586,85.9504132231405,20,STR
152.06611570247935,49.586776859504134,-1,STR
152.06611570247935,85.9504132231405,20,STR
152.06611570247935,87.60330578512396,20,STR
155.37190082644628,166.94214876033058,-1,STR
160.3305785123967,163.63636363636365,21,STR
161.98347107438016,161.98347107438016,21,STR
168.59504132231405,155.37190082644628,-1,STR
190.0826446280992,105.78512396694215,-1,STR
191.73553719008265,100.82644628099173,-1,STR
196.69421487603307,99.17355371900827,22,STR
196.69421487603307,102.47933884297521,22,STR
200.0,99.17355371900827,22,STR
0.0,34.146341463414636,0,TUM
0.0,52.03252032520325,-1,TUM
1.6260162601626016,34.146341463414636,0,TUM
4.878048780487805,34.146341463414636,0,TUM
4.878048780487805,61.78861788617886,1,TUM
4.878048780487805,87.80487804878048,-1,TUM
6.504065040650406,27.642276422764226,0,TUM
6.504065040650406,61.78861788617886,1,TUM
6.504065040650406,92.6829268292683,2,TUM
8.130081300813007,26.016260162601625,0,TUM
8.130081300813007,27.642276422764226,0,TUM
8.130081300813007,32.52032520325203,0,TUM
8.130081300813007,94.3089430894309,2,TUM
9.75609756097561,9.75609756097561,3,TUM
9.75609756097561,24.390243902439025,0,TUM
9.75609756097561,26.016260162601625,0,TUM
9.75609756097561,34.146341463414636,0,TUM
9.75609756097561,35.77235772357724,0,TUM
13.008130081300813,13.008130081300813,3,TUM
14.634146341463413,14.634146341463413,3,TUM
16.260162601626014,16.260162601626014,3,TUM
17.88617886178862,79.67479674796748,4,TUM
21.13821138211382,79.67479674796748,4,TUM
22.764227642276424,99.1869918699187,5,TUM
24.390243902439025,99.1869918699187,5,TUM
26.016260162601625,82.92682926829268,-1,TUM
27.642276422764226,100.8130081300813,5,TUM
29.268292682926827,61.78861788617886,6,TUM
29.268292682926827,100.8130081300813,5,TUM
29.268292682926827,102.4390243902439,5,TUM
32.52032520325203,61.78861788617886,6,TUM
34.146341463414636,61.78861788617886,6,TUM
37.39837398373984,68.29268292682927,7,TUM
39.02439024390244,63.41463414634146,-1,TUM
39.02439024390244,71.54471544715447,7,TUM
40.65040650406504,68.29268292682927,7,TUM
40.65040650406504,73.17073170731707,7,TUM
40.65040650406504,74.79674796747967,7,TUM
42.27642276422764,11.382113821138212,-1,TUM
42.27642276422764,68.29268292682927,7,TUM
42.27642276422764,69.91869918699187,7,TUM
42.27642276422764,76.42276422764228,7,TUM
45.52845528455285,69.91869918699187,7,TUM
47.15447154471545,78.04878048780488,8,TUM
47.15447154471545,105.6910569105691,9,TUM
48.78048780487805,79.67479674796748,8,TUM
48.78048780487805,81.30081300813008,8,TUM
48.78048780487805,105.6910569105691,9,TUM
52.03252032520325,112.1951219512195,-1,TUM
58.536585365853654,123.57723577235772,10,TUM
60.16260162601626,123.57723577235772,10,TUM
60.16260162601626,125.20325203252033,10,TUM
61.78861788617886,125.20325203252033,10,TUM
61.78861788617886,126.82926829268293,10,TUM
65.04065040650406,128.4552845528455,10,TUM
65.04065040650406,130.0813008130081,10,TUM
66.66666666666667,126.82926829268293,10,TUM
66.66666666666667,128.4552845528455,10,TUM
68.29268292682927,14.634146341463413,-1,TUM
68.29268292682927,128.4552845528455,10,TUM
68.29268292682927,131.70731707317074,10,TUM
71.54471544715447,32.52032520325203,11,TUM
74.79674796747967,32.52032520325203,11,TUM
74.79674796747967,126.82926829268293,12,TUM
74.79674796747967,128.4552845528455,12,TUM
76.42276422764228,125.20325203252033,12,TUM
76.42276422764228,128.4552845528455,12,TUM
76.42276422764228,130.0813008130081,12,TUM
78.04878048780488,121.95121951219512,12,TUM
78.04878048780488,128.4552845528455,12,TUM
79.67479674796748,126.82926829268293,12,TUM
79.67479674796748,128.4552845528455,12,TUM
81.30081300813008,0.0,-1,TUM
82.92682926829268,27.642276422764226,13,TUM
82.92682926829268,29.268292682926827,13,TUM
84.55284552845528,8.130081300813007,14,TUM
84.55284552845528,9.75609756097561,14,TUM
84.55284552845528,11.382113821138212,14,TUM
84.55284552845528,29.268292682926827,13,TUM
86.17886178861788,9.75609756097561,14,TUM
86.17886178861788,27.642276422764226,13,TUM
86.17886178861788,29.268292682926827,13,TUM
99.1869918699187,156.09756097560975,-1,TUM
102.4390243902439,160.97560975609755,15,TUM
104.0650406504065,160.97560975609755,15,TUM
110.5691056910569,159.34959349593495,16,TUM
113.8211382113821,167.47967479674796,-1,TUM
115.4471544715447,159.34959349593495,16,TUM
117.07317073170731,160.97560975609755,16,TUM
118.69918699186992,159.34959349593495,16,TUM
118.69918699186992,160.97560975609755,16,TUM
120.32520325203252,165.85365853658536,-1,TUM
123.57723577235772,157.72357723577235,16,TUM
123.57723577235772,159.34959349593495,16,TUM
123.57723577235772,160.97560975609755,16,TUM
126.82926829268293,14.634146341463413,-1,TUM
126.82926829268293,160.97560975609755,16,TUM
128.4552845528455,157.72357723577235,16,TUM
128.4552845528455,160.97560975609755,16,TUM
130.0813008130081,26.016260162601625,-1,TUM
130.0813008130081,165.85365853658536,-1,TUM
131.70731707317074,156.09756097560975,16,TUM
131.70731707317074,157.72357723577235,16,TUM
133.33333333333334,156.09756097560975,16,TUM
134.95934959349594,152.84552845528455,16,TUM
134.95934959349594,154.47154471544715,16,TUM
134.95934959349594,157.72357723577235,16,TUM
134.95934959349594,160.97560975609755,16,TUM
136.58536585365854,21.13821138211382,17,TUM
136.58536585365854,22.764227642276424,17,TUM
136.58536585365854,151.21951219512195,16,TUM
136.58536585365854,152.84552845528455,16,TUM
138.21138211382114,149.59349593495935,16,TUM
138.21138211382114,164.22764227642276,16,TUM
139.83739837398375,37.39837398373984,-1,TUM
139.83739837398375,144.71544715447155,16,TUM
139.83739837398375,146.34146341463415,16,TUM
139.83739837398375,147.96747967479675,16,TUM
141.46341463414635,141.46341463414635,16,TUM
141.46341463414635,143.08943089430895,16,TUM
146.34146341463415,146.34146341463415,-1,TUM
152.84552845528455,79.67479674796748,18,TUM
152.84552845528455,92.6829268292683,-1,TUM
156.09756097560975,78.04878048780488,18,TUM
157.72357723577235,74.79674796747967,18,TUM
157.72357723577235,152.84552845528455,-1,TUM
159.34959349593495,94.3089430894309,19,TUM
160.97560975609755,146.34146341463415,-1,TUM
162.60162601626016,91.0569105691057,19,TUM
165.85365853658536,91.0569105691057,19,TUM
172.35772357723576,131.70731707317074,20,TUM
172.35772357723576,133.33333333333334,20,TUM
172.35772357723576,147.96747967479675,-1,TUM
173.98373983739836,131.70731707317074,20,TUM
173.98373983739836,141.46341463414635,-1,TUM
200.0,94.3089430894309,-1,TUM
